/*
Navicat MySQL Data Transfer

Source Server         : localhost_3306
Source Server Version : 50711
Source Host           : localhost:3306
Source Database       : mindao-crm

Target Server Type    : MYSQL
Target Server Version : 50711
File Encoding         : 65001

Date: 2017-08-17 10:58:44
*/

SET FOREIGN_KEY_CHECKS=0;

-- ----------------------------
-- Table structure for `qrtz_blob_triggers`
-- ----------------------------
DROP TABLE IF EXISTS `qrtz_blob_triggers`;
CREATE TABLE `qrtz_blob_triggers` (
  `SCHED_NAME` varchar(120) NOT NULL,
  `TRIGGER_NAME` varchar(200) NOT NULL,
  `TRIGGER_GROUP` varchar(200) NOT NULL,
  `BLOB_DATA` blob,
  PRIMARY KEY (`SCHED_NAME`,`TRIGGER_NAME`,`TRIGGER_GROUP`),
  KEY `SCHED_NAME` (`SCHED_NAME`,`TRIGGER_NAME`,`TRIGGER_GROUP`),
  CONSTRAINT `qrtz_blob_triggers_ibfk_1` FOREIGN KEY (`SCHED_NAME`, `TRIGGER_NAME`, `TRIGGER_GROUP`) REFERENCES `qrtz_triggers` (`SCHED_NAME`, `TRIGGER_NAME`, `TRIGGER_GROUP`)
) ENGINE=InnoDB DEFAULT CHARSET=utf8;

-- ----------------------------
-- Records of qrtz_blob_triggers
-- ----------------------------

-- ----------------------------
-- Table structure for `qrtz_calendars`
-- ----------------------------
DROP TABLE IF EXISTS `qrtz_calendars`;
CREATE TABLE `qrtz_calendars` (
  `SCHED_NAME` varchar(120) NOT NULL,
  `CALENDAR_NAME` varchar(200) NOT NULL,
  `CALENDAR` blob NOT NULL,
  PRIMARY KEY (`SCHED_NAME`,`CALENDAR_NAME`)
) ENGINE=InnoDB DEFAULT CHARSET=utf8;

-- ----------------------------
-- Records of qrtz_calendars
-- ----------------------------

-- ----------------------------
-- Table structure for `qrtz_cron_triggers`
-- ----------------------------
DROP TABLE IF EXISTS `qrtz_cron_triggers`;
CREATE TABLE `qrtz_cron_triggers` (
  `SCHED_NAME` varchar(120) NOT NULL,
  `TRIGGER_NAME` varchar(200) NOT NULL,
  `TRIGGER_GROUP` varchar(200) NOT NULL,
  `CRON_EXPRESSION` varchar(120) NOT NULL,
  `TIME_ZONE_ID` varchar(80) DEFAULT NULL,
  PRIMARY KEY (`SCHED_NAME`,`TRIGGER_NAME`,`TRIGGER_GROUP`),
  CONSTRAINT `qrtz_cron_triggers_ibfk_1` FOREIGN KEY (`SCHED_NAME`, `TRIGGER_NAME`, `TRIGGER_GROUP`) REFERENCES `qrtz_triggers` (`SCHED_NAME`, `TRIGGER_NAME`, `TRIGGER_GROUP`)
) ENGINE=InnoDB DEFAULT CHARSET=utf8;

-- ----------------------------
-- Records of qrtz_cron_triggers
-- ----------------------------
INSERT INTO `qrtz_cron_triggers` VALUES ('mindaocrmScheduler', 'TASK_1', 'DEFAULT', '0 0/30 * * * ?', 'Asia/Shanghai');
INSERT INTO `qrtz_cron_triggers` VALUES ('mindaocrmScheduler', 'TASK_2', 'DEFAULT', '0 0/30 * * * ?', 'Asia/Shanghai');

-- ----------------------------
-- Table structure for `qrtz_fired_triggers`
-- ----------------------------
DROP TABLE IF EXISTS `qrtz_fired_triggers`;
CREATE TABLE `qrtz_fired_triggers` (
  `SCHED_NAME` varchar(120) NOT NULL,
  `ENTRY_ID` varchar(95) NOT NULL,
  `TRIGGER_NAME` varchar(200) NOT NULL,
  `TRIGGER_GROUP` varchar(200) NOT NULL,
  `INSTANCE_NAME` varchar(200) NOT NULL,
  `FIRED_TIME` bigint(13) NOT NULL,
  `SCHED_TIME` bigint(13) NOT NULL,
  `PRIORITY` int(11) NOT NULL,
  `STATE` varchar(16) NOT NULL,
  `JOB_NAME` varchar(200) DEFAULT NULL,
  `JOB_GROUP` varchar(200) DEFAULT NULL,
  `IS_NONCONCURRENT` varchar(1) DEFAULT NULL,
  `REQUESTS_RECOVERY` varchar(1) DEFAULT NULL,
  PRIMARY KEY (`SCHED_NAME`,`ENTRY_ID`),
  KEY `IDX_QRTZ_FT_TRIG_INST_NAME` (`SCHED_NAME`,`INSTANCE_NAME`),
  KEY `IDX_QRTZ_FT_INST_JOB_REQ_RCVRY` (`SCHED_NAME`,`INSTANCE_NAME`,`REQUESTS_RECOVERY`),
  KEY `IDX_QRTZ_FT_J_G` (`SCHED_NAME`,`JOB_NAME`,`JOB_GROUP`),
  KEY `IDX_QRTZ_FT_JG` (`SCHED_NAME`,`JOB_GROUP`),
  KEY `IDX_QRTZ_FT_T_G` (`SCHED_NAME`,`TRIGGER_NAME`,`TRIGGER_GROUP`),
  KEY `IDX_QRTZ_FT_TG` (`SCHED_NAME`,`TRIGGER_GROUP`)
) ENGINE=InnoDB DEFAULT CHARSET=utf8;

-- ----------------------------
-- Records of qrtz_fired_triggers
-- ----------------------------

-- ----------------------------
-- Table structure for `qrtz_job_details`
-- ----------------------------
DROP TABLE IF EXISTS `qrtz_job_details`;
CREATE TABLE `qrtz_job_details` (
  `SCHED_NAME` varchar(120) NOT NULL,
  `JOB_NAME` varchar(200) NOT NULL,
  `JOB_GROUP` varchar(200) NOT NULL,
  `DESCRIPTION` varchar(250) DEFAULT NULL,
  `JOB_CLASS_NAME` varchar(250) NOT NULL,
  `IS_DURABLE` varchar(1) NOT NULL,
  `IS_NONCONCURRENT` varchar(1) NOT NULL,
  `IS_UPDATE_DATA` varchar(1) NOT NULL,
  `REQUESTS_RECOVERY` varchar(1) NOT NULL,
  `JOB_DATA` blob,
  PRIMARY KEY (`SCHED_NAME`,`JOB_NAME`,`JOB_GROUP`),
  KEY `IDX_QRTZ_J_REQ_RECOVERY` (`SCHED_NAME`,`REQUESTS_RECOVERY`),
  KEY `IDX_QRTZ_J_GRP` (`SCHED_NAME`,`JOB_GROUP`)
) ENGINE=InnoDB DEFAULT CHARSET=utf8;

-- ----------------------------
-- Records of qrtz_job_details
-- ----------------------------
INSERT INTO `qrtz_job_details` VALUES ('mindaocrmScheduler', 'TASK_1', 'DEFAULT', null, 'com.mindao.utils.ScheduleJob', '0', '0', '0', '0', 0xACED0005737200156F72672E71756172747A2E4A6F62446174614D61709FB083E8BFA9B0CB020000787200266F72672E71756172747A2E7574696C732E537472696E674B65794469727479466C61674D61708208E8C3FBC55D280200015A0013616C6C6F77735472616E7369656E74446174617872001D6F72672E71756172747A2E7574696C732E4469727479466C61674D617013E62EAD28760ACE0200025A000564697274794C00036D617074000F4C6A6176612F7574696C2F4D61703B787001737200116A6176612E7574696C2E486173684D61700507DAC1C31660D103000246000A6C6F6164466163746F724900097468726573686F6C6478703F4000000000000C7708000000100000000174000D4A4F425F504152414D5F4B45597400AA7B226265616E4E616D65223A22746573745461736B222C2263726561746554696D65223A313438303630353430363030302C2263726F6E45787072657373696F6E223A223020302F3330202A202A202A203F222C226A6F624964223A312C226D6574686F644E616D65223A2274657374222C22706172616D73223A2272656E72656E222C2272656D61726B223A22E69C89E58F82E695B0E6B58BE8AF95222C22737461747573223A307D7800);
INSERT INTO `qrtz_job_details` VALUES ('mindaocrmScheduler', 'TASK_2', 'DEFAULT', null, 'com.mindao.utils.ScheduleJob', '0', '0', '0', '0', 0xACED0005737200156F72672E71756172747A2E4A6F62446174614D61709FB083E8BFA9B0CB020000787200266F72672E71756172747A2E7574696C732E537472696E674B65794469727479466C61674D61708208E8C3FBC55D280200015A0013616C6C6F77735472616E7369656E74446174617872001D6F72672E71756172747A2E7574696C732E4469727479466C61674D617013E62EAD28760ACE0200025A000564697274794C00036D617074000F4C6A6176612F7574696C2F4D61703B787001737200116A6176612E7574696C2E486173684D61700507DAC1C31660D103000246000A6C6F6164466163746F724900097468726573686F6C6478703F4000000000000C7708000000100000000174000D4A4F425F504152414D5F4B45597400997B226265616E4E616D65223A22746573745461736B222C2263726561746554696D65223A313438303734383135363030302C2263726F6E45787072657373696F6E223A223020302F3330202A202A202A203F222C226A6F624964223A322C226D6574686F644E616D65223A227465737432222C2272656D61726B223A22E697A0E58F82E695B0E6B58BE8AF95222C22737461747573223A317D7800);

-- ----------------------------
-- Table structure for `qrtz_locks`
-- ----------------------------
DROP TABLE IF EXISTS `qrtz_locks`;
CREATE TABLE `qrtz_locks` (
  `SCHED_NAME` varchar(120) NOT NULL,
  `LOCK_NAME` varchar(40) NOT NULL,
  PRIMARY KEY (`SCHED_NAME`,`LOCK_NAME`)
) ENGINE=InnoDB DEFAULT CHARSET=utf8;

-- ----------------------------
-- Records of qrtz_locks
-- ----------------------------
INSERT INTO `qrtz_locks` VALUES ('mindaocrmScheduler', 'STATE_ACCESS');
INSERT INTO `qrtz_locks` VALUES ('mindaocrmScheduler', 'TRIGGER_ACCESS');

-- ----------------------------
-- Table structure for `qrtz_paused_trigger_grps`
-- ----------------------------
DROP TABLE IF EXISTS `qrtz_paused_trigger_grps`;
CREATE TABLE `qrtz_paused_trigger_grps` (
  `SCHED_NAME` varchar(120) NOT NULL,
  `TRIGGER_GROUP` varchar(200) NOT NULL,
  PRIMARY KEY (`SCHED_NAME`,`TRIGGER_GROUP`)
) ENGINE=InnoDB DEFAULT CHARSET=utf8;

-- ----------------------------
-- Records of qrtz_paused_trigger_grps
-- ----------------------------

-- ----------------------------
-- Table structure for `qrtz_scheduler_state`
-- ----------------------------
DROP TABLE IF EXISTS `qrtz_scheduler_state`;
CREATE TABLE `qrtz_scheduler_state` (
  `SCHED_NAME` varchar(120) NOT NULL,
  `INSTANCE_NAME` varchar(200) NOT NULL,
  `LAST_CHECKIN_TIME` bigint(13) NOT NULL,
  `CHECKIN_INTERVAL` bigint(13) NOT NULL,
  PRIMARY KEY (`SCHED_NAME`,`INSTANCE_NAME`)
) ENGINE=InnoDB DEFAULT CHARSET=utf8;

-- ----------------------------
-- Records of qrtz_scheduler_state
-- ----------------------------
INSERT INTO `qrtz_scheduler_state` VALUES ('mindaocrmScheduler', 'CPGH-PC05X641502869577160', '1502938725296', '15000');

-- ----------------------------
-- Table structure for `qrtz_simple_triggers`
-- ----------------------------
DROP TABLE IF EXISTS `qrtz_simple_triggers`;
CREATE TABLE `qrtz_simple_triggers` (
  `SCHED_NAME` varchar(120) NOT NULL,
  `TRIGGER_NAME` varchar(200) NOT NULL,
  `TRIGGER_GROUP` varchar(200) NOT NULL,
  `REPEAT_COUNT` bigint(7) NOT NULL,
  `REPEAT_INTERVAL` bigint(12) NOT NULL,
  `TIMES_TRIGGERED` bigint(10) NOT NULL,
  PRIMARY KEY (`SCHED_NAME`,`TRIGGER_NAME`,`TRIGGER_GROUP`),
  CONSTRAINT `qrtz_simple_triggers_ibfk_1` FOREIGN KEY (`SCHED_NAME`, `TRIGGER_NAME`, `TRIGGER_GROUP`) REFERENCES `qrtz_triggers` (`SCHED_NAME`, `TRIGGER_NAME`, `TRIGGER_GROUP`)
) ENGINE=InnoDB DEFAULT CHARSET=utf8;

-- ----------------------------
-- Records of qrtz_simple_triggers
-- ----------------------------

-- ----------------------------
-- Table structure for `qrtz_simprop_triggers`
-- ----------------------------
DROP TABLE IF EXISTS `qrtz_simprop_triggers`;
CREATE TABLE `qrtz_simprop_triggers` (
  `SCHED_NAME` varchar(120) NOT NULL,
  `TRIGGER_NAME` varchar(200) NOT NULL,
  `TRIGGER_GROUP` varchar(200) NOT NULL,
  `STR_PROP_1` varchar(512) DEFAULT NULL,
  `STR_PROP_2` varchar(512) DEFAULT NULL,
  `STR_PROP_3` varchar(512) DEFAULT NULL,
  `INT_PROP_1` int(11) DEFAULT NULL,
  `INT_PROP_2` int(11) DEFAULT NULL,
  `LONG_PROP_1` bigint(20) DEFAULT NULL,
  `LONG_PROP_2` bigint(20) DEFAULT NULL,
  `DEC_PROP_1` decimal(13,4) DEFAULT NULL,
  `DEC_PROP_2` decimal(13,4) DEFAULT NULL,
  `BOOL_PROP_1` varchar(1) DEFAULT NULL,
  `BOOL_PROP_2` varchar(1) DEFAULT NULL,
  PRIMARY KEY (`SCHED_NAME`,`TRIGGER_NAME`,`TRIGGER_GROUP`),
  CONSTRAINT `qrtz_simprop_triggers_ibfk_1` FOREIGN KEY (`SCHED_NAME`, `TRIGGER_NAME`, `TRIGGER_GROUP`) REFERENCES `qrtz_triggers` (`SCHED_NAME`, `TRIGGER_NAME`, `TRIGGER_GROUP`)
) ENGINE=InnoDB DEFAULT CHARSET=utf8;

-- ----------------------------
-- Records of qrtz_simprop_triggers
-- ----------------------------

-- ----------------------------
-- Table structure for `qrtz_triggers`
-- ----------------------------
DROP TABLE IF EXISTS `qrtz_triggers`;
CREATE TABLE `qrtz_triggers` (
  `SCHED_NAME` varchar(120) NOT NULL,
  `TRIGGER_NAME` varchar(200) NOT NULL,
  `TRIGGER_GROUP` varchar(200) NOT NULL,
  `JOB_NAME` varchar(200) NOT NULL,
  `JOB_GROUP` varchar(200) NOT NULL,
  `DESCRIPTION` varchar(250) DEFAULT NULL,
  `NEXT_FIRE_TIME` bigint(13) DEFAULT NULL,
  `PREV_FIRE_TIME` bigint(13) DEFAULT NULL,
  `PRIORITY` int(11) DEFAULT NULL,
  `TRIGGER_STATE` varchar(16) NOT NULL,
  `TRIGGER_TYPE` varchar(8) NOT NULL,
  `START_TIME` bigint(13) NOT NULL,
  `END_TIME` bigint(13) DEFAULT NULL,
  `CALENDAR_NAME` varchar(200) DEFAULT NULL,
  `MISFIRE_INSTR` smallint(2) DEFAULT NULL,
  `JOB_DATA` blob,
  PRIMARY KEY (`SCHED_NAME`,`TRIGGER_NAME`,`TRIGGER_GROUP`),
  KEY `IDX_QRTZ_T_J` (`SCHED_NAME`,`JOB_NAME`,`JOB_GROUP`),
  KEY `IDX_QRTZ_T_JG` (`SCHED_NAME`,`JOB_GROUP`),
  KEY `IDX_QRTZ_T_C` (`SCHED_NAME`,`CALENDAR_NAME`),
  KEY `IDX_QRTZ_T_G` (`SCHED_NAME`,`TRIGGER_GROUP`),
  KEY `IDX_QRTZ_T_STATE` (`SCHED_NAME`,`TRIGGER_STATE`),
  KEY `IDX_QRTZ_T_N_STATE` (`SCHED_NAME`,`TRIGGER_NAME`,`TRIGGER_GROUP`,`TRIGGER_STATE`),
  KEY `IDX_QRTZ_T_N_G_STATE` (`SCHED_NAME`,`TRIGGER_GROUP`,`TRIGGER_STATE`),
  KEY `IDX_QRTZ_T_NEXT_FIRE_TIME` (`SCHED_NAME`,`NEXT_FIRE_TIME`),
  KEY `IDX_QRTZ_T_NFT_ST` (`SCHED_NAME`,`TRIGGER_STATE`,`NEXT_FIRE_TIME`),
  KEY `IDX_QRTZ_T_NFT_MISFIRE` (`SCHED_NAME`,`MISFIRE_INSTR`,`NEXT_FIRE_TIME`),
  KEY `IDX_QRTZ_T_NFT_ST_MISFIRE` (`SCHED_NAME`,`MISFIRE_INSTR`,`NEXT_FIRE_TIME`,`TRIGGER_STATE`),
  KEY `IDX_QRTZ_T_NFT_ST_MISFIRE_GRP` (`SCHED_NAME`,`MISFIRE_INSTR`,`NEXT_FIRE_TIME`,`TRIGGER_GROUP`,`TRIGGER_STATE`),
  CONSTRAINT `qrtz_triggers_ibfk_1` FOREIGN KEY (`SCHED_NAME`, `JOB_NAME`, `JOB_GROUP`) REFERENCES `qrtz_job_details` (`SCHED_NAME`, `JOB_NAME`, `JOB_GROUP`)
) ENGINE=InnoDB DEFAULT CHARSET=utf8;

-- ----------------------------
-- Records of qrtz_triggers
-- ----------------------------
INSERT INTO `qrtz_triggers` VALUES ('mindaocrmScheduler', 'TASK_1', 'DEFAULT', 'TASK_1', 'DEFAULT', null, '1502938800000', '1502937000000', '5', 'WAITING', 'CRON', '1502849551000', '0', null, '2', 0xACED0005737200156F72672E71756172747A2E4A6F62446174614D61709FB083E8BFA9B0CB020000787200266F72672E71756172747A2E7574696C732E537472696E674B65794469727479466C61674D61708208E8C3FBC55D280200015A0013616C6C6F77735472616E7369656E74446174617872001D6F72672E71756172747A2E7574696C732E4469727479466C61674D617013E62EAD28760ACE0200025A000564697274794C00036D617074000F4C6A6176612F7574696C2F4D61703B787001737200116A6176612E7574696C2E486173684D61700507DAC1C31660D103000246000A6C6F6164466163746F724900097468726573686F6C6478703F4000000000000C7708000000100000000174000D4A4F425F504152414D5F4B45597400AA7B226265616E4E616D65223A22746573745461736B222C2263726561746554696D65223A313438303630353430363030302C2263726F6E45787072657373696F6E223A223020302F3330202A202A202A203F222C226A6F624964223A312C226D6574686F644E616D65223A2274657374222C22706172616D73223A2272656E72656E222C2272656D61726B223A22E69C89E58F82E695B0E6B58BE8AF95222C22737461747573223A307D7800);
INSERT INTO `qrtz_triggers` VALUES ('mindaocrmScheduler', 'TASK_2', 'DEFAULT', 'TASK_2', 'DEFAULT', null, '1502850600000', '-1', '5', 'PAUSED', 'CRON', '1502849551000', '0', null, '2', 0xACED0005737200156F72672E71756172747A2E4A6F62446174614D61709FB083E8BFA9B0CB020000787200266F72672E71756172747A2E7574696C732E537472696E674B65794469727479466C61674D61708208E8C3FBC55D280200015A0013616C6C6F77735472616E7369656E74446174617872001D6F72672E71756172747A2E7574696C732E4469727479466C61674D617013E62EAD28760ACE0200025A000564697274794C00036D617074000F4C6A6176612F7574696C2F4D61703B787001737200116A6176612E7574696C2E486173684D61700507DAC1C31660D103000246000A6C6F6164466163746F724900097468726573686F6C6478703F4000000000000C7708000000100000000174000D4A4F425F504152414D5F4B45597400997B226265616E4E616D65223A22746573745461736B222C2263726561746554696D65223A313438303734383135363030302C2263726F6E45787072657373696F6E223A223020302F3330202A202A202A203F222C226A6F624964223A322C226D6574686F644E616D65223A227465737432222C2272656D61726B223A22E697A0E58F82E695B0E6B58BE8AF95222C22737461747573223A317D7800);

-- ----------------------------
-- Table structure for `schedule_job`
-- ----------------------------
DROP TABLE IF EXISTS `schedule_job`;
CREATE TABLE `schedule_job` (
  `job_id` bigint(20) NOT NULL AUTO_INCREMENT COMMENT '任务id',
  `bean_name` varchar(200) DEFAULT NULL COMMENT 'spring bean名称',
  `method_name` varchar(100) DEFAULT NULL COMMENT '方法名',
  `params` varchar(2000) DEFAULT NULL COMMENT '参数',
  `cron_expression` varchar(100) DEFAULT NULL COMMENT 'cron表达式',
  `status` tinyint(4) DEFAULT NULL COMMENT '任务状态',
  `remark` varchar(255) DEFAULT NULL COMMENT '备注',
  `create_time` datetime DEFAULT NULL COMMENT '创建时间',
  PRIMARY KEY (`job_id`)
) ENGINE=InnoDB AUTO_INCREMENT=3 DEFAULT CHARSET=utf8 COMMENT='定时任务';

-- ----------------------------
-- Records of schedule_job
-- ----------------------------
INSERT INTO `schedule_job` VALUES ('1', 'testTask', 'test', 'mindao', '0 0/30 * * * ?', '0', '有参数测试', '2016-12-01 23:16:46');
INSERT INTO `schedule_job` VALUES ('2', 'testTask', 'test2', null, '0 0/30 * * * ?', '1', '无参数测试', '2016-12-03 14:55:56');

-- ----------------------------
-- Table structure for `schedule_job_log`
-- ----------------------------
DROP TABLE IF EXISTS `schedule_job_log`;
CREATE TABLE `schedule_job_log` (
  `log_id` bigint(20) NOT NULL AUTO_INCREMENT COMMENT '任务日志id',
  `job_id` bigint(20) NOT NULL COMMENT '任务id',
  `bean_name` varchar(200) DEFAULT NULL COMMENT 'spring bean名称',
  `method_name` varchar(100) DEFAULT NULL COMMENT '方法名',
  `params` varchar(2000) DEFAULT NULL COMMENT '参数',
  `status` tinyint(4) NOT NULL COMMENT '任务状态    0：成功    1：失败',
  `error` varchar(2000) DEFAULT NULL COMMENT '失败信息',
  `times` int(11) NOT NULL COMMENT '耗时(单位：毫秒)',
  `create_time` datetime DEFAULT NULL COMMENT '创建时间',
  PRIMARY KEY (`log_id`),
  KEY `job_id` (`job_id`)
) ENGINE=InnoDB AUTO_INCREMENT=39 DEFAULT CHARSET=utf8 COMMENT='定时任务日志';

-- ----------------------------
-- Records of schedule_job_log
-- ----------------------------
INSERT INTO `schedule_job_log` VALUES ('1', '1', 'testTask', 'test', 'mindao-crm', '0', null, '1034', '2017-08-16 16:00:00');


-- ----------------------------
-- Table structure for `sys_config`
-- ----------------------------
DROP TABLE IF EXISTS `sys_config`;
CREATE TABLE `sys_config` (
  `id` bigint(20) NOT NULL AUTO_INCREMENT,
  `key` varchar(50) DEFAULT NULL COMMENT 'key',
  `value` varchar(2000) DEFAULT NULL COMMENT 'value',
  `status` tinyint(4) DEFAULT '1' COMMENT '状态   0：隐藏   1：显示',
  `remark` varchar(500) DEFAULT NULL COMMENT '备注',
  PRIMARY KEY (`id`),
  UNIQUE KEY `key` (`key`)
) ENGINE=InnoDB AUTO_INCREMENT=2 DEFAULT CHARSET=utf8 COMMENT='系统配置信息表';

-- ----------------------------
-- Records of sys_config
-- ----------------------------
INSERT INTO `sys_config` VALUES ('1', 'CLOUD_STORAGE_CONFIG_KEY', '{\"aliyunAccessKeyId\":\"\",\"aliyunAccessKeySecret\":\"\",\"aliyunBucketName\":\"\",\"aliyunDomain\":\"\",\"aliyunEndPoint\":\"\",\"aliyunPrefix\":\"\",\"qcloudBucketName\":\"\",\"qcloudDomain\":\"\",\"qcloudPrefix\":\"\",\"qcloudSecretId\":\"\",\"qcloudSecretKey\":\"\",\"qiniuAccessKey\":\"NrgMfABZxWLo5B-YYSjoE8-AZ1EISdi1Z3ubLOeZ\",\"qiniuBucketName\":\"ios-app\",\"qiniuDomain\":\"http://7xqbwh.dl1.z0.glb.clouddn.com\",\"qiniuPrefix\":\"upload\",\"qiniuSecretKey\":\"uIwJHevMRWU0VLxFvgy0tAcOdGqasdtVlJkdy6vV\",\"type\":1}', '0', '云存储配置信息');

-- ----------------------------
-- Table structure for `sys_log`
-- ----------------------------
DROP TABLE IF EXISTS `sys_log`;
CREATE TABLE `sys_log` (
  `id` bigint(20) NOT NULL AUTO_INCREMENT,
  `username` varchar(50) DEFAULT NULL COMMENT '用户名',
  `operation` varchar(50) DEFAULT NULL COMMENT '用户操作',
  `method` varchar(200) DEFAULT NULL COMMENT '请求方法',
  `params` varchar(5000) DEFAULT NULL COMMENT '请求参数',
  `ip` varchar(64) DEFAULT NULL COMMENT 'IP地址',
  `create_date` datetime DEFAULT NULL COMMENT '创建时间',
  PRIMARY KEY (`id`)
) ENGINE=InnoDB DEFAULT CHARSET=utf8 COMMENT='系统日志';

-- ----------------------------
-- Records of sys_log
-- ----------------------------

-- ----------------------------
-- Table structure for `sys_menu`
-- ----------------------------
DROP TABLE IF EXISTS `sys_menu`;
CREATE TABLE `sys_menu` (
  `menu_id` bigint(20) NOT NULL AUTO_INCREMENT,
  `parent_id` bigint(20) DEFAULT NULL COMMENT '父菜单ID，一级菜单为0',
  `name` varchar(50) DEFAULT NULL COMMENT '菜单名称',
  `url` varchar(200) DEFAULT NULL COMMENT '菜单URL',
  `perms` varchar(500) DEFAULT NULL COMMENT '授权(多个用逗号分隔，如：user:list,user:create)',
  `type` int(11) DEFAULT NULL COMMENT '类型   0：目录   1：菜单   2：按钮',
  `icon` varchar(50) DEFAULT NULL COMMENT '菜单图标',
  `order_num` int(11) DEFAULT NULL COMMENT '排序',
  `ename` varchar(200) DEFAULT NULL,
  PRIMARY KEY (`menu_id`)
) ENGINE=InnoDB AUTO_INCREMENT=46 DEFAULT CHARSET=utf8 COMMENT='菜单管理';

-- ----------------------------
-- Records of sys_menu
-- ----------------------------
INSERT INTO `sys_menu` VALUES ('1', '0', '系统管理', null, null, '0', 'fa fa-cog', '1000', 'System Setting');
INSERT INTO `sys_menu` VALUES ('2', '1', '管理员列表', 'sys/user.html', null, '1', 'fa fa-user', '1', 'Administrator');
INSERT INTO `sys_menu` VALUES ('3', '1', '角色管理', 'sys/role.html', null, '1', 'fa fa-user-secret', '2', 'Role');
INSERT INTO `sys_menu` VALUES ('4', '1', '菜单管理', 'sys/menu.html', null, '1', 'fa fa-th-list', '3', 'Menu');
INSERT INTO `sys_menu` VALUES ('5', '1', 'SQL监控', 'druid/sql.html', null, '1', 'fa fa-bug', '4', 'SQL Monitor');
INSERT INTO `sys_menu` VALUES ('6', '1', '定时任务', 'sys/schedule.html', null, '1', 'fa fa-tasks', '5', 'Sheduled Task');
INSERT INTO `sys_menu` VALUES ('7', '6', '查看', null, 'sys:schedule:list,sys:schedule:info', '2', null, '0', null);
INSERT INTO `sys_menu` VALUES ('8', '6', '新增', null, 'sys:schedule:save', '2', null, '0', null);
INSERT INTO `sys_menu` VALUES ('9', '6', '修改', null, 'sys:schedule:update', '2', null, '0', null);
INSERT INTO `sys_menu` VALUES ('10', '6', '删除', null, 'sys:schedule:delete', '2', null, '0', null);
INSERT INTO `sys_menu` VALUES ('11', '6', '暂停', null, 'sys:schedule:pause', '2', null, '0', null);
INSERT INTO `sys_menu` VALUES ('12', '6', '恢复', null, 'sys:schedule:resume', '2', null, '0', null);
INSERT INTO `sys_menu` VALUES ('13', '6', '立即执行', null, 'sys:schedule:run', '2', null, '0', null);
INSERT INTO `sys_menu` VALUES ('14', '6', '日志列表', null, 'sys:schedule:log', '2', null, '0', null);
INSERT INTO `sys_menu` VALUES ('15', '2', '查看', null, 'sys:user:list,sys:user:info', '2', null, '0', null);
INSERT INTO `sys_menu` VALUES ('16', '2', '新增', null, 'sys:user:save,sys:role:select', '2', null, '0', null);
INSERT INTO `sys_menu` VALUES ('17', '2', '修改', null, 'sys:user:update,sys:role:select', '2', null, '0', null);
INSERT INTO `sys_menu` VALUES ('18', '2', '删除', null, 'sys:user:delete', '2', null, '0', null);
INSERT INTO `sys_menu` VALUES ('19', '3', '查看', null, 'sys:role:list,sys:role:info', '2', null, '0', null);
INSERT INTO `sys_menu` VALUES ('20', '3', '新增', null, 'sys:role:save,sys:menu:perms', '2', null, '0', null);
INSERT INTO `sys_menu` VALUES ('21', '3', '修改', null, 'sys:role:update,sys:menu:perms', '2', null, '0', null);
INSERT INTO `sys_menu` VALUES ('22', '3', '删除', null, 'sys:role:delete', '2', null, '0', null);
INSERT INTO `sys_menu` VALUES ('23', '4', '查看', null, 'sys:menu:list,sys:menu:info', '2', null, '0', null);
INSERT INTO `sys_menu` VALUES ('24', '4', '新增', null, 'sys:menu:save,sys:menu:select', '2', null, '0', null);
INSERT INTO `sys_menu` VALUES ('25', '4', '修改', null, 'sys:menu:update,sys:menu:select', '2', null, '0', null);
INSERT INTO `sys_menu` VALUES ('26', '4', '删除', null, 'sys:menu:delete', '2', null, '0', null);
INSERT INTO `sys_menu` VALUES ('27', '1', '参数管理', 'sys/config.html', 'sys:config:list,sys:config:info,sys:config:save,sys:config:update,sys:config:delete', '1', 'fa fa-sun-o', '6', 'Parameter');
INSERT INTO `sys_menu` VALUES ('28', '1', '代码生成器', 'sys/generator.html', 'sys:generator:list,sys:generator:code', '1', 'fa fa-rocket', '8', 'Code Generator');
INSERT INTO `sys_menu` VALUES ('29', '1', '系统日志', 'sys/log.html', 'sys:log:list', '1', 'fa fa-file-text-o', '7', 'System Log');
INSERT INTO `sys_menu` VALUES ('30', '1', '文件上传', 'sys/oss.html', 'sys:oss:all', '1', 'fa fa-file-image-o', '6', 'File Upload');
INSERT INTO `sys_menu` VALUES ('31', '0', '用户信息', 'crm/user.html', null, '1', 'fa fa-user', '1', 'User‘s Profile');
INSERT INTO `sys_menu` VALUES ('32', '31', '查看', null, 'crm:user:list,crm:user:info', '2', null, '6', null);
INSERT INTO `sys_menu` VALUES ('33', '31', '新增', null, 'crm:user:save', '2', null, '6', null);
INSERT INTO `sys_menu` VALUES ('34', '31', '修改', null, 'crm:user:update', '2', null, '6', null);
INSERT INTO `sys_menu` VALUES ('35', '31', '删除', null, 'crm:user:delete', '2', null, '6', null);
INSERT INTO `sys_menu` VALUES ('36', '0', '用户设备', 'crm/userdevice.html', null, '1', 'fa fa-instagram', '6', 'User\'s Device');
INSERT INTO `sys_menu` VALUES ('37', '36', '查看', null, 'crm:userdevice:list,crm:userdevice:info', '2', null, '6', null);
INSERT INTO `sys_menu` VALUES ('38', '36', '新增', null, 'crm:userdevice:save', '2', null, '6', null);
INSERT INTO `sys_menu` VALUES ('39', '36', '修改', null, 'crm:userdevice:update', '2', null, '6', null);
INSERT INTO `sys_menu` VALUES ('40', '36', '删除', null, 'crm:userdevice:delete', '2', null, '6', null);
INSERT INTO `sys_menu` VALUES ('41', '0', '用户反馈', 'crm/feedback.html', null, '1', 'fa fa-file-code-o', '6', 'User\'s Feedback');
INSERT INTO `sys_menu` VALUES ('42', '41', '查看', null, 'feedback:list,feedback:info', '2', null, '6', null);
INSERT INTO `sys_menu` VALUES ('43', '41', '新增', null, 'feedback:save', '2', null, '6', null);
INSERT INTO `sys_menu` VALUES ('44', '41', '修改', null, 'feedback:update', '2', null, '6', null);
INSERT INTO `sys_menu` VALUES ('45', '41', '删除', null, 'feedback:delete', '2', null, '6', null);

-- ----------------------------
-- Table structure for `sys_oss`
-- ----------------------------
DROP TABLE IF EXISTS `sys_oss`;
CREATE TABLE `sys_oss` (
  `id` bigint(20) NOT NULL AUTO_INCREMENT,
  `url` varchar(200) DEFAULT NULL COMMENT 'URL地址',
  `create_date` datetime DEFAULT NULL COMMENT '创建时间',
  PRIMARY KEY (`id`)
) ENGINE=InnoDB DEFAULT CHARSET=utf8 COMMENT='文件上传';

-- ----------------------------
-- Records of sys_oss
-- ----------------------------

-- ----------------------------
-- Table structure for `sys_role`
-- ----------------------------
DROP TABLE IF EXISTS `sys_role`;
CREATE TABLE `sys_role` (
  `role_id` bigint(20) NOT NULL AUTO_INCREMENT,
  `role_name` varchar(100) DEFAULT NULL COMMENT '角色名称',
  `remark` varchar(100) DEFAULT NULL COMMENT '备注',
  `create_user_id` bigint(20) DEFAULT NULL COMMENT '创建者ID',
  `create_time` datetime DEFAULT NULL COMMENT '创建时间',
  PRIMARY KEY (`role_id`)
) ENGINE=InnoDB AUTO_INCREMENT=3 DEFAULT CHARSET=utf8 COMMENT='角色';

-- ----------------------------
-- Records of sys_role
-- ----------------------------
INSERT INTO `sys_role` VALUES ('1', '客服人员', null, '1', '2017-07-13 15:58:30');
INSERT INTO `sys_role` VALUES ('2', '应用管理员', null, '1', '2017-07-13 15:59:07');

-- ----------------------------
-- Table structure for `sys_role_menu`
-- ----------------------------
DROP TABLE IF EXISTS `sys_role_menu`;
CREATE TABLE `sys_role_menu` (
  `id` bigint(20) NOT NULL AUTO_INCREMENT,
  `role_id` bigint(20) DEFAULT NULL COMMENT '角色ID',
  `menu_id` bigint(20) DEFAULT NULL COMMENT '菜单ID',
  PRIMARY KEY (`id`)
) ENGINE=InnoDB AUTO_INCREMENT=37 DEFAULT CHARSET=utf8 COMMENT='角色与菜单对应关系';

-- ----------------------------
-- Records of sys_role_menu
-- ----------------------------
INSERT INTO `sys_role_menu` VALUES ('1', '1', '31');
INSERT INTO `sys_role_menu` VALUES ('2', '1', '32');
INSERT INTO `sys_role_menu` VALUES ('3', '1', '33');
INSERT INTO `sys_role_menu` VALUES ('4', '1', '34');
INSERT INTO `sys_role_menu` VALUES ('5', '1', '35');
INSERT INTO `sys_role_menu` VALUES ('6', '1', '36');
INSERT INTO `sys_role_menu` VALUES ('7', '1', '37');
INSERT INTO `sys_role_menu` VALUES ('8', '1', '38');
INSERT INTO `sys_role_menu` VALUES ('9', '1', '39');
INSERT INTO `sys_role_menu` VALUES ('10', '1', '40');
INSERT INTO `sys_role_menu` VALUES ('11', '1', '41');
INSERT INTO `sys_role_menu` VALUES ('12', '1', '42');
INSERT INTO `sys_role_menu` VALUES ('13', '1', '43');
INSERT INTO `sys_role_menu` VALUES ('14', '1', '44');
INSERT INTO `sys_role_menu` VALUES ('15', '1', '45');
INSERT INTO `sys_role_menu` VALUES ('16', '2', '31');
INSERT INTO `sys_role_menu` VALUES ('17', '2', '32');
INSERT INTO `sys_role_menu` VALUES ('18', '2', '33');
INSERT INTO `sys_role_menu` VALUES ('19', '2', '34');
INSERT INTO `sys_role_menu` VALUES ('20', '2', '35');
INSERT INTO `sys_role_menu` VALUES ('21', '2', '36');
INSERT INTO `sys_role_menu` VALUES ('22', '2', '37');
INSERT INTO `sys_role_menu` VALUES ('23', '2', '38');
INSERT INTO `sys_role_menu` VALUES ('24', '2', '39');
INSERT INTO `sys_role_menu` VALUES ('25', '2', '40');
INSERT INTO `sys_role_menu` VALUES ('26', '2', '41');
INSERT INTO `sys_role_menu` VALUES ('27', '2', '42');
INSERT INTO `sys_role_menu` VALUES ('28', '2', '43');
INSERT INTO `sys_role_menu` VALUES ('29', '2', '44');
INSERT INTO `sys_role_menu` VALUES ('30', '2', '45');
INSERT INTO `sys_role_menu` VALUES ('31', '2', '1');
INSERT INTO `sys_role_menu` VALUES ('32', '2', '2');
INSERT INTO `sys_role_menu` VALUES ('33', '2', '15');
INSERT INTO `sys_role_menu` VALUES ('34', '2', '16');
INSERT INTO `sys_role_menu` VALUES ('35', '2', '17');
INSERT INTO `sys_role_menu` VALUES ('36', '2', '18');

-- ----------------------------
-- Table structure for `sys_user`
-- ----------------------------
DROP TABLE IF EXISTS `sys_user`;
CREATE TABLE `sys_user` (
  `user_id` bigint(20) NOT NULL AUTO_INCREMENT,
  `username` varchar(50) NOT NULL COMMENT '用户名',
  `password` varchar(100) DEFAULT NULL COMMENT '密码',
  `email` varchar(100) DEFAULT NULL COMMENT '邮箱',
  `mobile` varchar(100) DEFAULT NULL COMMENT '手机号',
  `status` tinyint(4) DEFAULT NULL COMMENT '状态  0：禁用   1：正常',
  `create_user_id` bigint(20) DEFAULT NULL COMMENT '创建者ID',
  `create_time` datetime DEFAULT NULL COMMENT '创建时间',
  PRIMARY KEY (`user_id`),
  UNIQUE KEY `username` (`username`)
) ENGINE=InnoDB AUTO_INCREMENT=2 DEFAULT CHARSET=utf8 COMMENT='系统用户';

-- ----------------------------
-- Records of sys_user
-- ----------------------------
INSERT INTO `sys_user` VALUES ('1', 'admin', '8c6976e5b5410415bde908bd4dee15dfb167a9c873fc4bb8a81f6f2ab448a918', 'root@mindao.io', '13612345678', '1', '1', '2016-11-11 11:11:11');

-- ----------------------------
-- Table structure for `sys_user_role`
-- ----------------------------
DROP TABLE IF EXISTS `sys_user_role`;
CREATE TABLE `sys_user_role` (
  `id` bigint(20) NOT NULL AUTO_INCREMENT,
  `user_id` bigint(20) DEFAULT NULL COMMENT '用户ID',
  `role_id` bigint(20) DEFAULT NULL COMMENT '角色ID',
  PRIMARY KEY (`id`)
) ENGINE=InnoDB DEFAULT CHARSET=utf8 COMMENT='用户与角色对应关系';

-- ----------------------------
-- Records of sys_user_role
-- ----------------------------

-- ----------------------------
-- Table structure for `u_attachment`
-- ----------------------------
DROP TABLE IF EXISTS `u_attachment`;
CREATE TABLE `u_attachment` (
  `pid` varchar(32) NOT NULL,
  `file_name` varchar(255) DEFAULT NULL,
  `file_path` varchar(255) DEFAULT NULL,
  `file_size` int(11) DEFAULT NULL,
  `upload_date` datetime DEFAULT NULL,
  `uploader` varchar(255) DEFAULT NULL,
  `checksum` varchar(255) DEFAULT NULL,
  PRIMARY KEY (`pid`)
) ENGINE=InnoDB DEFAULT CHARSET=utf8 COMMENT='附件表';

-- ----------------------------
-- Records of u_attachment
-- ----------------------------
INSERT INTO `u_attachment` VALUES ('0e29bcd705b84aeba22359ef09c5bef7', 'bug.png', '201707/20170727153557bug.png', '7056', '2017-07-27 15:35:57', 'ligc', null);

-- ----------------------------
-- Table structure for `u_feedback`
-- ----------------------------
DROP TABLE IF EXISTS `u_feedback`;
CREATE TABLE `u_feedback` (
  `pid` varchar(64) NOT NULL,
  `uid` varchar(64) DEFAULT NULL,
  `feedback` varchar(2000) DEFAULT NULL,
  `submit_date` timestamp NULL DEFAULT NULL ON UPDATE CURRENT_TIMESTAMP,
  `handler` varchar(64) DEFAULT NULL,
  `handle_result` varchar(2000) DEFAULT NULL,
  `handle_date` timestamp NULL DEFAULT NULL ON UPDATE CURRENT_TIMESTAMP,
  `state` int(11) DEFAULT NULL,
  `contact` varchar(200) DEFAULT NULL,
  `upload_log` smallint(6) DEFAULT NULL,
  `log` varchar(2000) DEFAULT NULL,
  `effective` smallint(6) DEFAULT NULL,
  `log_file` varchar(128) DEFAULT NULL,
  PRIMARY KEY (`pid`)
) ENGINE=InnoDB DEFAULT CHARSET=utf8;

-- ----------------------------
-- Records of u_feedback
-- ----------------------------
INSERT INTO `u_feedback` VALUES ('14924f97324945e196ad5c4d20f737ee', '153277817@qq.com', '默默', '2017-08-17 09:12:00', null, null, '2017-08-17 09:12:00', '100', '136', '1', null, null, '6c81372d845746929d9ae491e66aea3f');

-- ----------------------------
-- Table structure for `u_token`
-- ----------------------------
DROP TABLE IF EXISTS `u_token`;
CREATE TABLE `u_token` (
  `user_id` varchar(100) NOT NULL,
  `token` varchar(100) NOT NULL COMMENT 'token',
  `expire_time` datetime DEFAULT NULL COMMENT '过期时间',
  `update_time` datetime DEFAULT NULL COMMENT '更新时间',
  PRIMARY KEY (`user_id`),
  UNIQUE KEY `token` (`token`)
) ENGINE=InnoDB DEFAULT CHARSET=utf8 COMMENT='用户Token';

-- ----------------------------
-- Records of u_token
-- ----------------------------

-- ----------------------------
-- Table structure for `u_user`
-- ----------------------------
DROP TABLE IF EXISTS `u_user`;
CREATE TABLE `u_user` (
  `uid` char(32) NOT NULL DEFAULT '1',
  `email` varchar(100) DEFAULT NULL,
  `mobile` varchar(32) DEFAULT NULL,
  `password` char(32) NOT NULL COMMENT 'MD5加密',
  `email_flag` char(1) DEFAULT '0' COMMENT '0-未验证 1-验证',
  `mobile_flag` char(1) DEFAULT '0' COMMENT '0-绑定 1-绑定',
  `avatar` varchar(255) DEFAULT NULL COMMENT 'S3:开头按照S3存储\nNOR:开头按照普通路径存储',
  `nick_name` varchar(64) DEFAULT NULL,
  `is_locked` char(1) DEFAULT '0' COMMENT '0-未锁住 1-锁住',
  `retry_times` char(1) DEFAULT '0',
  `register_time` datetime DEFAULT NULL,
  `register_region` varchar(5) DEFAULT NULL COMMENT 'CN-中国 USA-美国',
  `last_modify_time` datetime DEFAULT NULL,
  `lid` int(11) DEFAULT NULL,
  `register_from` varchar(255) DEFAULT NULL COMMENT 'S01-IPC S02-JustFit S03-SmartThemetre',
  `active_code` varchar(32) DEFAULT NULL,
  `last_active_time` timestamp NOT NULL DEFAULT CURRENT_TIMESTAMP ON UPDATE CURRENT_TIMESTAMP,
  `status` char(1) NOT NULL DEFAULT '0' COMMENT '0-未激活 1-激活',
  `acc_type` char(1) DEFAULT NULL COMMENT '注册类型：0:email,1:mobile',
  `timezone` float DEFAULT NULL,
  `mobile_type` smallint(2) DEFAULT NULL COMMENT '手机类型1苹果，2安卓，3微软mp',
  `msg_platform_type` smallint(4) DEFAULT NULL COMMENT '消息平台类型:10苹果原生20Google原生21 极光24小米25华为…',
  `msg_reg_id` varchar(128) DEFAULT NULL COMMENT '云消息平台的注册id',
  `msg_reg_time` timestamp NULL DEFAULT NULL,
  `mobile_device_id` varchar(128) DEFAULT NULL COMMENT '手机设备id',
  `login_time` timestamp NULL DEFAULT NULL,
  `login_state` smallint(2) DEFAULT NULL,
  PRIMARY KEY (`uid`),
  UNIQUE KEY `uid` (`uid`)
) ENGINE=InnoDB DEFAULT CHARSET=utf8;

-- ----------------------------
-- Records of u_user
-- ----------------------------
INSERT INTO `u_user` VALUES ('153277817@qq.com', '153277817@qq.com', null, 'e10adc3949ba59abbe56e057f20f883e', null, null, null, 'ligc', null, null, '2017-07-08 15:29:55', null, null, null, null, null, '2017-08-17 09:13:01', '1', null, null, null, null, null, null, null, null, null);

-- ----------------------------
-- Table structure for `u_user_device`
-- ----------------------------
DROP TABLE IF EXISTS `u_user_device`;
CREATE TABLE `u_user_device` (
  `pid` varchar(32) NOT NULL COMMENT '主键id',
  `user_id` varchar(32) DEFAULT NULL COMMENT '用户id',
  `device_name` varchar(128) DEFAULT NULL COMMENT '产品名称',
  `model_code` varchar(16) DEFAULT NULL COMMENT '型号代码',
  `device_id` varchar(128) DEFAULT NULL COMMENT '设备唯一标识',
  `qr_code` varchar(64) DEFAULT NULL COMMENT '产品二维码',
  `bind_time` timestamp NULL DEFAULT NULL ON UPDATE CURRENT_TIMESTAMP,
  `city` varchar(100) DEFAULT NULL,
  `region` varchar(100) DEFAULT NULL,
  `country` varchar(100) DEFAULT NULL,
  `timezone` double DEFAULT NULL,
  `dst` int(11) DEFAULT NULL,
  PRIMARY KEY (`pid`)
) ENGINE=InnoDB DEFAULT CHARSET=utf8;

-- ----------------------------
-- Records of u_user_device
-- ----------------------------
INSERT INTO `u_user_device` VALUES ('a09d78ed962e449bac12b04e4bab5147', '153277817@qq.com', '办公室', 'ipc-capsual-m1', 'abcde', null, '2017-08-17 09:12:31', 'gz', 'gd', 'cn', '8', '1');
